CALL_ID,TIMESTAMP,CALL_LENGTH,PHONE_NUMBERS
IIRG1402,Sun Sep 26 03:42:39 EDT 2021,24,413-398-7473409|566-193-7095684
OBQU0781,Wed Oct 25 19:30:30 EDT 2017,12,620-088-1788417|566-193-7095684
JVTU0549,Sun Dec 03 20:46:44 EST 2017,88,546-654-3402884|318-389-3334441
FPOZ6375,Sat Nov 08 02:55:28 EST 2014,12,620-088-1788417|971-117-7124255|415-059-3765492
BISW0525,Fri Mar 24 22:41:55 EDT 2017,26,593-683-8736207|348-756-4054047
ZQCB2765,Sat Aug 22 13:26:27 EDT 2020,14,123-456-7890123|258-825-1884436
DWMG1495,Wed Jul 19 12:40:49 EDT 2017,59,929-824-7154360|318-419-3096510
HNGT6602,Sat Aug 28 18:57:29 EDT 2021,69,315-811-4812795|641-419-9614197
XIYJ2600,Sat Dec 24 08:48:18 EST 2016,29,773-657-2216814|201-132-5091800
YLLF9006,Wed Dec 30 14:21:55 EST 2020,70,778-474-5339111|196-650-7265553
KIIH6677,Tue Dec 10 16:00:29 EST 2019,12,460-104-6402504|224-548-2029846
FWDH5422,Thu Dec 23 19:24:09 EST 2021,78,469-368-7744341|546-654-3402884|594-679-3904683
JEMM1683,Tue Jul 20 23:51:10 EDT 2021,38,929-824-7154360|556-093-5512993|258-825-1884436
BSIX7019,Thu Aug 04 16:06:59 EDT 2022,82,641-419-9614197|908-183-3488433
XKPR9901,Mon Nov 16 23:29:57 EST 2020,10,844-944-7523988|502-498-9059768
MVQL6787,Thu Aug 20 10:49:20 EDT 2020,89,912-254-9859721|070-782-7010102
PHEO0634,Fri Feb 22 07:31:24 EST 2019,48,337-858-3098934|239-240-5021868|008-352-5833371
WOSX2143,Thu Jan 11 08:16:17 EST 2024,81,302-938-7344251|593-683-8736207|348-756-4054047
KNJT9019,Mon Jan 22 07:23:22 EST 2018,25,776-586-6909118|883-399-5828303
RQBD9223,Mon Apr 04 13:26:00 EDT 2016,37,337-858-3098934|581-903-9558500|415-059-3765492
NRKQ5147,Tue Sep 01 18:51:05 EDT 2020,78,583-250-2963433|116-077-2098762
IWWR5135,Fri Nov 27 20:09:10 EST 2020,8,295-356-8383244|924-310-8178724|413-558-5534490
BZZT4869,Sun Nov 03 10:04:44 EST 2019,47,302-938-7344251|304-638-7889856
RRJI4431,Tue Jan 14 23:31:21 EST 2020,12,337-858-3098934|556-093-5512993|502-498-9059768
BFLT1753,Sat Aug 27 10:03:24 EDT 2022,69,581-903-9558500|465-383-0435939|741-203-5778439
BACY1700,Mon Sep 04 13:02:00 EDT 2017,79,860-133-3026218|617-186-8683107|087-020-8580771
AZNB0693,Sun Jul 24 21:42:17 EDT 2016,61,123-456-7890123|315-811-4812795|318-389-3334441
FFOD6630,Sun Mar 07 16:36:17 EST 2021,15,201-132-5091800|883-399-5828303
GWVT8737,Thu Sep 03 04:21:07 EDT 2020,1,413-398-7473409|620-088-1788417|593-683-8736207
FNCQ5133,Mon Sep 16 05:47:17 EDT 2019,60,620-088-1788417|201-132-5091800
OCNK6752,Wed Jul 05 06:37:52 EDT 2023,25,816-038-4733441|460-104-6402504|826-051-2795937
CYOC7597,Sun May 03 12:15:18 EDT 2020,49,337-858-3098934|073-592-0883810
SKFU0921,Wed Dec 08 08:47:07 EST 2021,53,223-388-7225415|087-020-8580771|415-059-3765492
FCND8556,Sun Oct 20 02:18:47 EDT 2019,33,469-368-7744341|741-203-5778439
YRCF9992,Sat Apr 30 00:30:37 EDT 2022,73,546-654-3402884|258-825-1884436|532-381-3777028
MVEJ2872,Sat Mar 11 02:51:07 EST 2023,55,741-203-5778439|341-725-4179495
BDHR7074,Mon May 13 03:30:59 EDT 2019,47,318-419-3096510|456-489-6136971|348-041-5907530
CSPV0853,Sat Jul 29 21:20:30 EDT 2023,14,112-560-0300582|073-592-0883810|258-825-1884436
GCFE4410,Sat Sep 10 14:13:36 EDT 2016,90,180-792-8565556|912-254-9859721|304-638-7889856
VHNP9341,Fri Feb 18 01:28:06 EST 2022,16,180-792-8565556|566-193-7095684|304-638-7889856
JVQU0257,Wed May 08 11:49:12 EDT 2019,39,556-093-5512993|201-132-5091800|196-650-7265553
GJCU6425,Sat Apr 20 19:35:42 EDT 2019,11,546-654-3402884|415-059-3765492|594-679-3904683
QEWI0267,Thu Jul 13 21:08:04 EDT 2023,35,912-254-9859721|224-548-2029846|546-654-3402884
AXWC0875,Thu Oct 25 16:41:04 EDT 2018,39,413-398-7473409|258-825-1884436
YEZJ2672,Sun Sep 23 22:24:21 EDT 2018,62,469-368-7744341|123-456-7890123|773-657-2216814
HDQU5138,Fri Sep 13 10:46:29 EDT 2019,60,641-419-9614197|465-383-0435939
BVNB1559,Tue Jul 03 00:31:52 EDT 2018,3,295-356-8383244|315-811-4812795|465-383-0435939
DGPP7868,Thu Jun 22 17:15:52 EDT 2023,60,581-903-9558500|239-240-5021868|348-756-4054047
RCCX6713,Mon Jul 20 07:12:31 EDT 2020,9,929-824-7154360|776-586-6909118
MYIH4005,Tue Oct 04 00:04:01 EDT 2016,43,465-383-0435939|532-381-3777028|415-059-3765492
CWWZ0907,Thu Jun 28 18:46:13 EDT 2018,77,073-592-0883810|415-059-3765492|883-399-5828303
VVZJ5911,Mon Dec 02 14:34:33 EST 2019,65,180-792-8565556|304-638-7889856
ZNTI3705,Tue May 25 09:55:49 EDT 2021,59,816-038-4733441|581-903-9558500|087-020-8580771
NGQX7759,Thu Nov 05 00:50:45 EST 2020,74,860-133-3026218|816-038-4733441
XIQZ2072,Thu Jun 08 23:19:38 EDT 2017,41,223-388-7225415|581-583-1115352
EGVF6968,Fri Dec 23 09:30:43 EST 2016,47,620-088-1788417|180-792-8565556
AHNU8545,Thu Jun 23 01:25:15 EDT 2016,44,566-193-7095684|773-657-2216814
RIWR7566,Wed Jan 19 08:34:09 EST 2022,62,902-584-1161204|008-352-5833371|116-077-2098762
KGUQ4873,Thu Jun 11 00:50:24 EDT 2020,34,816-038-4733441|912-254-9859721
NZCB2800,Sun Nov 27 20:23:50 EST 2016,54,912-254-9859721|070-782-7010102
IFXT5998,Tue Jan 18 20:14:35 EST 2022,75,456-489-6136971|201-132-5091800
XSKB6943,Sun Jun 30 20:28:55 EDT 2024,42,844-944-7523988|341-725-4179495|318-389-3334441
BJTF1449,Sun Jul 15 13:21:12 EDT 2018,12,929-824-7154360|776-586-6909118|073-592-0883810
DWYJ9092,Wed Nov 15 10:13:20 EST 2023,7,180-792-8565556|239-240-5021868